{
    "$schema": "./node_modules/@angular/cli/lib/config/schema.json",
    "project": {
        "name": "reidimap2"
    },
    "apps": [
        {
            "root": "src",
            "outDir": "dist",
            "assets": [
                "assets",
                "favicon.ico"
            ],
            "index": "index.html",
            "main": "main.ts",
            "polyfills": "polyfills.ts",
            "test": "test.ts",
            "tsconfig": "tsconfig.app.json",
            "testTsconfig": "tsconfig.spec.json",
            "prefix": "rdm",
            "styles": [
                "../node_modules/bootstrap/dist/css/bootstrap.min.css",
                "../node_modules/leaflet/dist/leaflet.css",
                "../node_modules/nouislider/distribute/nouislider.css",
                "assets/styles/animation.scss",
                "assets/styles/flexbox-framework.scss",
                "assets/styles/fonts.scss",
                "assets/styles/fontello.scss",
                "assets/styles/custom-framework.scss",
                "assets/styles/media-queries.scss",
                "styles.scss"
            ],
            "scripts": [],
            "environmentSource": "environments/environment.ts",
            "environments": {
                "dev": "environments/environment.ts",
                "prod": "environments/environment.prod.ts"
            }
        }
    ],
    "e2e": {
        "protractor": {
            "config": "./protractor.conf.js"
        }
    },
    "lint": [
        {
            "project": "src/tsconfig.app.json",
            "exclude": "**/node_modules/**"
        },
        {
            "project": "src/tsconfig.spec.json",
            "exclude": "**/node_modules/**"
        },
        {
            "project": "e2e/tsconfig.e2e.json",
            "exclude": "**/node_modules/**"
        }
    ],
    "test": {
        "karma": {
            "config": "./karma.conf.js"
        }
    },
    "defaults": {
        "styleExt": "scss",
        "class": {
            "spec": false
        },
        "component": {
        }
    }
}
