{
    "rulesDirectory": [
        "node_modules/codelyzer"
    ],
    "rules": {
        "align": [true, "statements"],
        "ban": false,
        "class-name": true,
        "comment-format": [true, "check-space"],
        "curly": [true, "ignore-same-line"],
        "eofline": true,
        "forin": true,
        "indent": [true, "spaces"],
        "interface-name": false,
        "jsdoc-format": true,
        "label-position": true,
        "member-access": false,
        "member-ordering": [true, "public-before-private", "static-before-instance", "variables-before-functions"],
        "no-any": true,
        "no-arg": true,
        "no-bitwise": true,
        "no-conditional-assignment": true,
        "no-consecutive-blank-lines": true,
        "no-console": [true, "debug", "info", "time", "timeEnd", "trace"],
        "no-construct": true,
        "no-debugger": true,
        "no-duplicate-variable": true,
        "no-empty": false,
        "no-eval": true,
        "no-inferrable-types": false,
        "no-internal-module": true,
        "no-null-keyword": false,
        "no-require-imports": true,
        "no-shadowed-variable": true,
        "no-string-literal": false,
        "no-switch-case-fall-through": true,
        "no-trailing-whitespace": true,
        "no-unused-expression": true,
        "no-use-before-declare": true,
        "no-var-keyword": true,
        "no-var-requires": false,
        "object-literal-sort-keys": false,
        "one-line": [true, "check-open-brace", "check-catch", "check-else", "check-finally", "check-whitespace"],
        "quotemark": [true, "single", "avoid-escape"],
        "radix": true,
        "semicolon": [true, "always", "ignore-bound-class-methods"],
        "switch-default": true,
        "trailing-comma": [true, {
            "multiline": {
                "objects": "always",
                "arrays": "always",
                "functions": "always",
                "typeLiterals": "ignore"
            },
            "singleline": "never"
        }],
        "triple-equals": [true, "allow-null-check"],
        "typedef": false,
        "typedef-whitespace": [true,
            {"call-signature": "nospace", "index-signature": "nospace", "parameter": "nospace", "property-declaration": "nospace", "variable-declaration": "nospace"},
            {"call-signature": "space", "index-signature": "space", "parameter": "space", "property-declaration": "space", "variable-declaration": "space"}],
        "variable-name": [true, "check-format", "allow-leading-underscore", "ban-keywords"],
        "whitespace": [true, "check-branch", "check-decl", "check-operator", "check-separator", "check-type"],

        "directive-selector": [true, "attribute", "rdm", "camelCase"],
        "component-selector": [true, "element", "rdm", "kebab-case"],
        "use-input-property-decorator": true,
        "use-output-property-decorator": true,
        "use-host-property-decorator": false,
        "no-attribute-parameter-decorator": true,
        "no-input-rename": true,
        "no-output-rename": true,
        "no-forward-ref": true,
        "no-unused-variable": [true],
        "use-life-cycle-interface": false,
        "use-pipe-transform-interface": true,
        "pipe-naming": [true, "camelCase", "rdm"],
        "component-class-suffix": false,
        "directive-class-suffix": true,
        "templates-use-public": false,
        "no-access-missing-member": false,
        "invoke-injectable": true
    }
}
